title,link,date
October 2021 Women's Scholarship Fund,/blog/october-2021-womens-scholarship-fund,"August 18, 2021"
R19: 100% Outcomes Within 4 Months Of Graduating,/blog/r19-100-outcomes-within-4-months-of-graduating,"July 13, 2021"
Student Interview: R20 On Remote Company Projects ,/blog/student-interview-clever-counsel-company-projects,"May 25, 2021"
Good Ideas for Better Variable Names,/blog/good-ideas-for-better-variable-names,"May 04, 2021"
TypeScript: How To Get Started,/blog/typescript-how-to-get-started,"April 21, 2021"
3 Patterns for Refactoring Your Code,/blog/three-simple-patterns-for-refactoring-your-code,"April 12, 2021"
From A Rithm Instructor: Technical Job Search Blockers,/blog/rithm-instructor-technical-job-search-blockers,"March 12, 2021"
Coming Up in Python: `match`,/blog/coming-up-in-python-match,"March 03, 2021"
2021 Rithm School Scholarships,/blog/2021-rithm-school-scholarships,"February 24, 2021"
6 Tips To Push Through The Discomfort Of The Job Search,/blog/push-through-discomfort-of-the-job-search,"February 17, 2021"
Our Updated Interview Process,/blog/our-updated-interview-process,"January 25, 2021"
Using The JavaScript Ternary Operator Effectively,/blog/using-the-javascript-ternary-operator,"November 09, 2020"
Seven Tips For Dealing With Imposter Syndrome,/blog/dealing-with-coding-bootcamp-imposter-syndrome,"October 20, 2020"
Alumni Spotlight: Genna Mergola,/blog/alumni-spotlight-genna-mergola,"October 13, 2020"
How To Get Into A Top Coding Bootcamp,/blog/how-to-get-into-top-coding-bootcamp-rithm-school,"September 22, 2020"
Taking Breaks: Why Being Busy Doesn't Equal Productivity,/blog/taking-breaks-for-productivity,"August 18, 2020"
Student Interview: R16 On Company Projects,/blog/student-interview-r16-on-remote-company-projects,"August 11, 2020"
5 Topics To Master Before Learning React Hooks,/blog/5-topics-to-master-before-learning-react-hooks,"July 28, 2020"
What You Can Learn From Learning A New Language,/blog/what-you-can-learn-from-learning-a-new-language,"July 21, 2020"
Software Engineering Careers Post Covid-19,/blog/software-engineering-careers-post-covid-19,"July 08, 2020"
What Coding Language You Should Learn To Get Hired In 2020,/blog/what-coding-language-you-should-learn-to-get-hired-in-2020,"July 02, 2020"
Alumni Spotlight: George Gruner,/blog/alumni-spotlight-george-gruner,"June 24, 2020"
A Tech Worker Reading List for 2020,/blog/tech-worker-reading-list-for-2020,"June 08, 2020"
JavaScript in 2020,/blog/javascript-in-2020,"May 27, 2020"
Rithm's Alumni Mentor Program,/blog/bootcamp-alumni-mentorship-program,"May 12, 2020"
Rithm School Remote Updates - Scholarships & Smaller Class Sizes,/blog/remote-2020-updates-scholarships,"May 06, 2020"
Student Interview: R14 On Remote Company Projects,/blog/student-interview-remote-company-projects,"April 29, 2020"
7 Easy Ways To Focus On The Job Search Process,/blog/focus-job-process-during-covid-19,"April 21, 2020"
SanFranciscoBootcamps.com - Campus Review – Rithm School San Francisco,/blog/san-francisco-coding-bootcamps-review,"April 08, 2020"
Rithm School Remote Learning FAQs,/blog/remote-learning-faq,"April 01, 2020"
Looking Back On Our First Women In Tech Event Series,/blog/looking-back-women-in-tech,"March 31, 2020"
Working From Home: A Guide to Success,/blog/working-from-home-guide-to-success,"March 16, 2020"
How To Get Good At Coding Challenges,/blog/how-to-get-good-at-coding-challenges,"March 04, 2020"
Avoid Recruiters: Embrace Cold Email,/blog/avoid-recruiters-use-cold-email,"February 26, 2020"
4 Strategies for Whiteboarding Success,/blog/strategies-for-whiteboarding,"February 16, 2020"
8 Questions You Should Consider Before Becoming A Software Engineer,/blog/introduction-to-software-engineering,"February 13, 2020"
Intro to Modern React - Preview,/blog/react-workshop-preview,"February 05, 2020"
React Hooks! - useEffect,/blog/react-hooks-use-effect,"January 14, 2020"
It’s 2020: Where are the Women in Tech? ,/blog/it-is-2020-where-are-the-women-in-tech,"December 20, 2019"
Implementation Intentions: The Secret Weapon to Achieve Your Goals,/blog/implementation-intentions,"December 12, 2019"
An Introduction to GraphQL - Mutations,/blog/an-introduction-to-graphql-mutations,"December 02, 2019"
Student Interview: Jennifer + Luke on Company Projects,/blog/student-interview-jennifer-luke,"November 07, 2019"
React Hooks! - An Introduction,/blog/react-hooks-intro,"October 22, 2019"
An Introduction to GraphQL - Queries,/blog/an-introduction-to-graphql-queries,"October 15, 2019"
Alumni Spotlight: Sandy Cao,/blog/alumni-spotlight-sandy,"October 10, 2019"
Student Interview: Pair Programming And Company Projects,/blog/student-interview-pair-programming-and-company-projects,"September 03, 2019"
Getting Acquainted With A Production Code Base,/blog/getting-up-to-speed-on-a-production-code-base,"June 18, 2019"
"Staff Spotlight - Zach DeRossette, Career Coach",/blog/staff-spotlight-zach-derossette,"May 22, 2019"
Student Interview: Lena Ryoo on Company Projects,/blog/student-interview-lena-ryoo,"May 15, 2019"
Debugging Like a Scientist,/blog/debugging-like-a-scientist,"April 29, 2019"
The Benefits of Code Reviews,/blog/benefits-of-code-reviews,"March 29, 2019"
Three More JavaScript Mistakes That Beginners Make,/blog/three-more-js-mistakes-that-beginners-make,"March 07, 2019"
Alumni Spotlight: Miranda Howitt,/blog/alumni-spotlight-miranda,"February 12, 2019"
Alumni Spotlight: Kristen Lingwood,/blog/alumni-spotlight-kristen,"February 06, 2019"
Alumni Spotlight: Tyler Ketron,/blog/alumni-spotlight-tyler,"January 30, 2019"
Avoiding Burnout,/blog/avoiding-burnout,"January 09, 2019"
Student Interview: Sarah + Zac on Company Projects,/blog/student-interview-sarah-zac,"December 18, 2018"
A New Tuition Option: We Make Money Only When You Do,/blog/new-tuition-option,"December 11, 2018"
MongoDB is Easy,/blog/mongodb-is-easy,"December 06, 2018"
Meet The Instructor: Alissa Renz,/blog/meet-the-instructor-alissa-renz,"November 14, 2018"
Error Handling in Express,/blog/error-handling-express,"November 05, 2018"
Four Tips for Moving Faster as a Developer,/blog/developer-productivity,"October 16, 2018"
Five Tips to Manage the Emotional Side of a Coding Program,/blog/five-tips-emotional-management,"October 08, 2018"
Does Emotional Intelligence Get You Paid More in Tech?,/blog/emotional-intelligence,"October 03, 2018"
Post-Outcomes Blog: Top 3 Insights for Job-Seekers,/blog/insights-job-seekers,"September 27, 2018"
"Staff Spotlight - Megan Lane, Operations & Events Associate",/blog/staff-spotlight-megan-lane,"September 11, 2018"
Different Approaches to Using Relational Databases with Express,/blog/different-approaches-express,"August 28, 2018"
The Job Funnel,/blog/the-job-funnel,"August 20, 2018"
Alumni Spotlight: Daniel Szabo,/blog/alumni-spotlight-daniel,"August 08, 2018"
Rithm School Interview FAQs,/blog/rithm-interview-faqs,"August 01, 2018"
BPPE Approval and Outcomes Numbers,/blog/bppe-approval-and-outcomes-numbers,"July 25, 2018"
What’s New in Python 3.7: Data Classes,/blog/whats-new-in-python-3-7,"July 11, 2018"
Five Tips for Getting Yourself Unstuck,/blog/five-tips-for-getting-yourself-unstuck,"June 22, 2018"
A Roadmap for Learning How To Code - Part 3,/blog/roadmap-for-learning-how-to-code-03,"June 13, 2018"
Student Interview: Paula + Miranda on Company Projects,/blog/student-interview-paula-miranda,"June 05, 2018"
Five Essential Rules when Job Searching,/blog/five-essential-rules-when-job-searching,"May 31, 2018"
Outcomes: A Preview,/blog/outcomes-a-preview,"May 22, 2018"
The Benefit of Low-Abstraction Frameworks for Scaffolding Learning,/blog/low-abstraction-frameworks,"May 16, 2018"
Are Coding Schools Worth the Cost?,/blog/are-coding-schools-worth-the-cost,"April 25, 2018"
A Roadmap for Learning How To Code - Part 2,/blog/roadmap-for-learning-how-to-code-02,"April 10, 2018"
Meet The Instructor: Joel Burton,/blog/meet-the-instructor-joel-burton,"March 27, 2018"
Alumni Spotlight: Anna-Brit Schlaepfer,/blog/alumni-spotlight-anna-brit,"March 19, 2018"
The Art of Outreach,/blog/the-art-of-outreach,"February 28, 2018"
Intro to VS Code,/blog/vscode,"February 20, 2018"
Debugging Like a Developer,/blog/debugging-like-a-developer,"February 06, 2018"
Student Interview: Allie + Stephen on Company Projects,/blog/student-interview-allie-stephen,"January 31, 2018"
A Roadmap for Learning How To Code - Part 1,/blog/roadmap-for-learning-how-to-code-01,"January 24, 2018"
Computer Science Degree vs. Coding Bootcamp Tradeoffs,/blog/computer-science-vs-coding-bootcamp,"January 10, 2018"
New Year's Resolutions: Developer Edition,/blog/new-years-resolutions,"January 02, 2018"
Student Spotlight: Sean Mangosing,/blog/student-spotlight-sean-mangosing,"December 20, 2017"
"New Year, New Outcomes",/blog/new-year-new-outcomes,"December 11, 2017"
Five Tips for Landing a Job as a Bootcamp Grad,/blog/five-tips-for-landing-a-job,"December 05, 2017"
"Our Newest Scholarship, Diversity, and How Rithm Supports Your Coding Education",/blog/our-newest-scholarship,"November 28, 2017"
Why Pay For School?,/blog/why-pay-for-school,"November 21, 2017"
"This Holiday Season, Give Back to Tech for Good",/blog/this-holiday-season-give-back-to-tech-for-good,"November 07, 2017"
Meet The Instructor: Michael Hueter,/blog/meet-the-instructor-michael-hueter,"October 24, 2017"
Student Spotlight: Adele Landers,/blog/student-spotlight-adele-landers,"October 17, 2017"
Do Web Developers Need to be Good at Math?,/blog/do-web-developers-need-to-be-good-at-math,"October 10, 2017"
Top 4 JavaScript Mistakes That Beginners Make,/blog/top-four-js-mistakes-that-beginners-make,"September 27, 2017"
Interview With An Alumni: Katie Krieger,/blog/interview-with-an-alumni-katie-krieger,"September 19, 2017"
What Makes a Successful Student?,/blog/what-makes-a-successful-student,"September 05, 2017"
5 Topics To Master Before Learning React,/blog/5-topics-to-master-before-learning-react,"August 29, 2017"
Soft Skills That Actually Matter In Tech,/blog/soft-skills-that-actually-matter-in-tech,"August 22, 2017"
What I Wish Someone Had Told Me Before I Learned To Code,/blog/what-i-wish-someone-had-told-me-before-i-learned-to-code,"August 15, 2017"
Rithm School Scholarship Winner Interview: Michelle Huynh,/blog/diversity-scholarship-winner-interview-michelle-huynh,"August 08, 2017"
A Bootcamp Bubble?,/blog/a-bootcamp-bubble,"August 01, 2017"
Student Interview: Julia Hazer on Company Projects,/blog/student-interview-julia-hazer,"July 18, 2017"
Five Tips to Get Into Rithm,/blog/five-tips-to-get-into-rithm,"July 11, 2017"
Problem Solving Strategies: Look Back and Refactor,/blog/problem-solving-strategies-06,"June 27, 2017"
Student Interview: Shriya Nevatia,/blog/student-interview-shriya-nevatia,"June 19, 2017"
"Scholarships, Diversity and How Rithm Supports Your Coding Education",/blog/scholarships-diversity-education,"May 23, 2017"
Demystifying Deep Learning,/blog/demystifying-deep-learning,"May 11, 2017"
"Staff Spotlight: Angelina Davis, Admissions Manager",/blog/staff-spotlight-angelina-davis,"May 02, 2017"
Student Interview: Torre Taylor on Company Projects,/blog/student-interview-torre-taylor,"April 18, 2017"
Becoming a Self-Reliant Developer,/blog/becoming-a-self-reliant-developer,"April 06, 2017"
You Should Be Going To Tech Conferences,/blog/you-should-be-going-to-tech-conferences,"March 30, 2017"
Student Interview: Andrew Mundy,/blog/student-interview-andrew-mundy,"March 23, 2017"
She’s Been Persisting: 6 Women in Tech Organizations You Should Know About,/blog/shes-been-persisting,"March 16, 2017"
Bootcamp Curious? Perspective from a Recovering Academic,/blog/bootcamp-curious-perspective-from-a-recovering-academic,"March 09, 2017"
Problem Solving Strategies: Use Tools Strategically,/blog/problem-solving-strategies-05,"February 02, 2017"
Problem Solving Strategies: Solve a Simpler Problem,/blog/problem-solving-strategies-04,"January 19, 2017"
Your Roadmap to Learning JavaScript,/blog/your-roadmap-to-learning-javascript,"January 05, 2017"
Student Interview: Greg,/blog/student-interview-greg,"December 19, 2016"
What A Small Class Size Meant to Me,/blog/what-a-small-class-size-meant-to-me,"December 19, 2016"
How to Prepare for the Rithm Technical Interview,/blog/how-to-prepare-for-the-rithm-technical-interview,"December 08, 2016"
Problem Solving Strategies: Break It Down,/blog/problem-solving-strategies-03,"December 05, 2016"
Problem Solving Strategies: Explore Concrete Examples,/blog/problem-solving-strategies-02,"November 28, 2016"
Problem Solving Strategies: Understand the Problem,/blog/problem-solving-strategies-01,"November 21, 2016"
Why Do You Want To Code?,/blog/why-do-you-want-to-code,"November 15, 2016"
Essential Tools for Web Development,/blog/essential-tools-for-web-development,"October 21, 2016"
Five Reasons to Learn JavaScript,/blog/five-reasons-to-learn-javascript,"September 29, 2016"
Free Course Prep,/blog/free-course-prep,"September 20, 2016"
Building Better Job Support,/blog/building-better-job-support,"September 14, 2016"
Why Another Bootcamp?,/blog/why-another-bootcamp,"September 06, 2016"
